name,cat,lat,lon,money
Instytut Języka Polskiego Polskiej Akademii Nauk,I - Nauk Humanistycznych i Społecznych,50.066332,19.9252261,9222.5
Instytut Filozofii i Socjologii Polskiej Akademii Nauk,I - Nauk Humanistycznych i Społecznych,52.23801232349464,21.0180567271837,16442.6
Instytut Badań Literackich Polskiej Akademii Nauk,I - Nauk Humanistycznych i Społecznych,52.23751801228111,21.018036026204722,16448.1
Instytut Studiów Politycznych Polskiej Akademii Nauk,I - Nauk Humanistycznych i Społecznych,52.2159255,21.0183832,12176.7
Instytut Sztuki Polskiej Akademii Nauk,I - Nauk Humanistycznych i Społecznych,52.2478691,21.0050197,18713.1
Instytut Archeologii i Etnologii Polskiej Akademii Nauk,I - Nauk Humanistycznych i Społecznych,52.2424616,20.9962017,16304.2
Instytut Nauk Prawnych Polskiej Akademii Nauk,I - Nauk Humanistycznych i Społecznych,52.23764251284118,21.018042407301504,9133.5
Instytut Slawistyki Polskiej Akademii Nauk,I - Nauk Humanistycznych i Społecznych,52.237189208039474,21.032434578418847,9587.3
Instytut Kultur Śródziemnomorskich i Orientalnych Polskiej Akademii Nauk,I - Nauk Humanistycznych i Społecznych,52.23778449149281,21.017973349941602,6058.3
Instytut Historii im. Tadeusza Manteuffla Polskiej Akademii Nauk,I - Nauk Humanistycznych i Społecznych,52.2497561,21.0113077,17566.1
Instytut Nauk Ekonomicznych Polskiej Akademii Nauk,I - Nauk Humanistycznych i Społecznych,52.2377936,21.0181978,3599.2
Instytut Psychologii Polskiej Akademii Nauk,I - Nauk Humanistycznych i Społecznych,52.2374593,21.0325236,4614.6
Instytut Historii Nauki imienia Ludwika i Aleksandra Birkenmajerów Polskiej Akademii Nauk,I - Nauk Humanistycznych i Społecznych,52.23764556547675,21.017978526190156,5667.6
Instytut Rozwoju Wsi i Rolnictwa Polskiej Akademii Nauk,I - Nauk Humanistycznych i Społecznych,52.238012195733695,21.01810286303931,5091.7
Instytut Biochemii i Biofizyki Polskiej Akademii Nauk,II - Nauk Biologicznych i Rolniczych,52.2070703,20.9794412,41923.3
Instytut Agrofizyki im. Bohdana Dobrzańskiego Polskiej Akademii Nauk,II - Nauk Biologicznych i Rolniczych,51.2202502,22.6246865,13993.2
Międzynarodowy Instytut Mechanizmów i Maszyn Molekularnych Polskiej Akademii Nauk - IMol,II - Nauk Biologicznych i Rolniczych,52.1894723,20.9504976,4429.6
Instytut Genetyki i Biotechnologii Zwierząt Polskiej Akademii Nauk,II - Nauk Biologicznych i Rolniczych,52.0317591,20.8289056,13394.6
Instytut Biologii Doświadczalnej im. Marcelego Nenckiego Polskiej Akademii Nauk,II - Nauk Biologicznych i Rolniczych,52.21413178708637,20.983939762753394,52712.1
Instytut Dendrologii Polskiej Akademii Nauk,II - Nauk Biologicznych i Rolniczych,52.2438925,17.0908995,12777.4
Międzynarodowy Instytut Biologii Molekularnej i Komórkowej w Warszawie,II - Nauk Biologicznych i Rolniczych,52.20639155913058,20.978369622007122,22692.2
Instytut Botaniki im. Władysława Szafera Polskiej Akademii Nauk,II - Nauk Biologicznych i Rolniczych,50.0657359,19.9552014,10391.1
Instytut Ochrony Przyrody Polskiej Akademii Nauk,II - Nauk Biologicznych i Rolniczych,50.0664857,19.9253047,9840.4
Europejskie Regionalne Centrum Ekohydrologii Polskiej Akademii Nauk,II - Nauk Biologicznych i Rolniczych,51.751446,19.4650462,2166.6
Instytut Biologii Ssaków Polskiej Akademii Nauk,II - Nauk Biologicznych i Rolniczych,52.7024634,23.8524807,5269.1
Instytut Paleobiologii im. Romana Kozłowskiego Polskiej Akademii Nauk,II - Nauk Biologicznych i Rolniczych,52.2285186,20.9937153,5634.3
Instytut Systematyki i Ewolucji Zwierząt Polskiej Akademii Nauk,II - Nauk Biologicznych i Rolniczych,50.0643585,19.9382126,8567.7
Instytut Chemii Bioorganicznej Polskiej Akademii Nauk,II - Nauk Biologicznych i Rolniczych,52.4119113,16.9163448,37087.8
Instytut Fizjologii i Żywienia Zwierząt im. Jana Kielanowskiego Polskiej Akademii Nauk,II - Nauk Biologicznych i Rolniczych,52.3783762,20.9093558,7208.1
Instytut Genetyki Roślin Polskiej Akademii Nauk,II - Nauk Biologicznych i Rolniczych,52.4455298,16.9009907,8315.8
Muzeum i Instytut Zoologii Polskiej Akademii Nauk,II - Nauk Biologicznych i Rolniczych,52.22834884466139,20.993416829229528,10366.2
Instytut Rozrodu Zwierząt i Badań Żywności Polskiej Akademii Nauk,II - Nauk Biologicznych i Rolniczych,53.7629291,20.5207812,24384.2
Instytut Fizjologii Roślin im. Franciszka Górskiego Polskiej Akademii Nauk,II - Nauk Biologicznych i Rolniczych,50.0687545,19.8414591,6800.4
Instytut Fizyki Polskiej Akademii Nauk,III - Nauk Ścisłych i Nauk o Ziemi,52.17689518519364,21.0093603710252,37307.5
Instytut Wysokich Ciśnień Polskiej Akademii Nauk,III - Nauk Ścisłych i Nauk o Ziemi,52.2459741,20.958424,18963.5
Instytut Katalizy i Fizykochemii Powierzchni im. Jerzego Habera Polskiej Akademii Nauk,III - Nauk Ścisłych i Nauk o Ziemi,50.0693343,19.8420088,20505.8
Instytut Matematyczny Polskiej Akademii Nauk,III - Nauk Ścisłych i Nauk o Ziemi,52.2214271,21.0147476,21743.0
Centrum Badań Molekularnych i Makromolekularnych Polskiej Akademii Nauk,III - Nauk Ścisłych i Nauk o Ziemi,51.7507594,19.4641968,18928.4
Instytut Geofizyki Polskiej Akademii Nauk,III - Nauk Ścisłych i Nauk o Ziemi,52.2459831,20.9395816,19554.2
Instytut Chemii Organicznej Polskiej Akademii Nauk,III - Nauk Ścisłych i Nauk o Ziemi,52.2290155,20.9654795,21912.3
Instytut Oceanologii Polskiej Akademii Nauk,III - Nauk Ścisłych i Nauk o Ziemi,54.4506926,18.5636092,23057.9
Instytut Niskich Temperatur i Badań Strukturalnych im. Włodzimierza Trzebiatowskiego Polskiej Akademii Nauk,III - Nauk Ścisłych i Nauk o Ziemi,51.1011414,17.0683186,27084.4
Instytut Chemii Fizycznej Polskiej Akademii Nauk,III - Nauk Ścisłych i Nauk o Ziemi,52.228906920627225,20.9652172714138,46297.6
Instytut Fizyki Jądrowej im. Henryka Niewodniczańskiego Polskiej Akademii Nauk,III - Nauk Ścisłych i Nauk o Ziemi,50.0882466,19.8891254,81003.3
Instytut Nauk Geologicznych Polskiej Akademii Nauk,III - Nauk Ścisłych i Nauk o Ziemi,52.228574599994225,20.993921906940052,14217.1
Instytut Fizyki Molekularnej Polskiej Akademii Nauk,III - Nauk Ścisłych i Nauk o Ziemi,52.395251,16.8461299,14697.5
Centrum Astronomiczne im. Mikołaja Kopernika Polskiej Akademii Nauk,III - Nauk Ścisłych i Nauk o Ziemi,52.214522,21.0675686,13633.6
Centrum Fizyki Teoretycznej Polskiej Akademii Nauk,III - Nauk Ścisłych i Nauk o Ziemi,52.1769889,21.0094786,6614.8
Centrum Materiałów Polimerowych i Węglowych Polskiej Akademii Nauk,III - Nauk Ścisłych i Nauk o Ziemi,50.31590060984145,18.771274313382072,9897.3
Centrum Badań Kosmicznych Polskiej Akademii Nauk,III - Nauk Ścisłych i Nauk o Ziemi,52.21462070703984,21.0674818812299,16176.3
Instytut Inżynierii Chemicznej Polskiej Akademii Nauk,IV - Nauk Technicznych,50.2912215,18.6368039,4960.9
Instytut Podstawowych Problemów Techniki Polskiej Akademii Nauk,IV - Nauk Technicznych,52.206617,20.9814486,45623.3
Instytut Budownictwa Wodnego Polskiej Akademii Nauk,IV - Nauk Technicznych,54.4081345,18.5444203,5655.8
Instytut Informatyki Teoretycznej i Stosowanej Polskiej Akademii Nauk,IV - Nauk Technicznych,52.2258111,20.9499124,6610.8
Instytut Podstaw Inżynierii Środowiska Polskiej Akademii Nauk,IV - Nauk Technicznych,50.3158361,18.7713074,6945.8
Instytut Geografii i Przestrzennego Zagospodarowania im. Stanisława Leszczyckiego Polskiej Akademii Nauk,IV - Nauk Technicznych,52.22863333502414,20.99343344074706,10422.1
Instytut Podstaw Informatyki Polskiej Akademii Nauk,IV - Nauk Technicznych,52.22603818396754,20.949694428662337,9483.8
Instytut Mechaniki Górotworu Polskiej Akademii Nauk,IV - Nauk Technicznych,50.0672771,19.9084307,9890.0
Instytut Metalurgii i Inżynierii Materiałowej im. Aleksandra Krupkowskiego Polskiej Akademii Nauk,IV - Nauk Technicznych,50.067051,19.9096168,10804.0
Instytut Gospodarki Surowcami Mineralnymi i Energią Polskiej Akademii Nauk,IV - Nauk Technicznych,50.0834487,19.926927,12587.7
Instytut Biocybernetyki i Inżynierii Biomedycznej im. Macieja Nałęcza Polskiej Akademii Nauk,IV - Nauk Technicznych,52.2061964,20.9785115,11729.5
Instytut Badań Systemowych Polskiej Akademii Nauk,IV - Nauk Technicznych,52.2458782,20.9402938,12269.5
Instytut Maszyn Przepływowych im. Roberta Szewalskiego Polskiej Akademii Nauk,IV - Nauk Technicznych,54.3727259,18.6151494,23900.0
Instytut Biologii Medycznej Polskiej Akademii Nauk,V - Nauk Medycznych,52.2138866,20.9837513,7125.6
Instytut Farmakologii im. Jerzego Maja Polskiej Akademii Nauk,V - Nauk Medycznych,50.0928921,19.8844473,26455.4
Instytut Immunologii i Terapii Doświadczalnej im. Ludwika Hirszfelda Polskiej Akademii Nauk,V - Nauk Medycznych,51.0763938,17.0227629,32446.7
Instytut Medycyny Doświadczalnej i Klinicznej im. Mirosława Mossakowskiego Polskiej Akademii Nauk,V - Nauk Medycznych,52.2070813,20.9821849,39346.5
Instytut Genetyki Człowieka Polskiej Akademii Nauk,V - Nauk Medycznych,52.4458799,16.905135,12021.8
